paper_id,title,doi,pmid,year,journal,topic_area,discovery_query,notes
P50190b3d60b6,The Single-Stranded DNA Platform: A Potential Broad-Spectrum Vector for Editing Genes in Prokaryotes: ssDNA May Break Through the Difficulties of Genetic Manipulation on Non-Model Bacteria,10.1002/bies.70172,42592681,2026,"BioEssays : news and reviews in molecular, cellular and developmental biology",genetic manipulation of non-model bacteria,"(genetic manipulation of non-model bacteria) AND (PUB_TYPE:""Review"")",not_open_access
P6a47d22299f7,Engineering the Gut Microbiome: Emerging Genome-Editing Strategies and Therapeutic Applications,10.3390/microorganisms14061174,42354799,2026,Microorganisms,genetic manipulation of non-model bacteria,"(genetic manipulation of non-model bacteria) AND (PUB_TYPE:""Review"")",open_access
Pa3b7882613a5,Engineered bacteria in disease diagnosis and therapy: A synthetic biology perspective,10.1016/j.synbio.2026.04.028,42293685,2026,Synthetic and systems biotechnology,genetic manipulation of non-model bacteria,"(genetic manipulation of non-model bacteria) AND (PUB_TYPE:""Review"")",open_access
Pc1fa6f9ccb02,Prospects and challenges in using engineered lactic acid bacteria in aquaculture applications,10.1016/j.engmic.2026.100275,42182524,2026,Engineering microbiology,genetic engineering of marine bacteria,"(genetic engineering of marine bacteria) AND (PUB_TYPE:""Review"")",open_access
P693018b6b753,Bacterial conjugation and its deployment for diverse biotechnology applications,10.1016/j.biotechadv.2026.108894,41956307,2026,Biotechnology advances,genetic engineering of marine bacteria,"(genetic engineering of marine bacteria) AND (PUB_TYPE:""Review"")",not_open_access
P4068b6b1e03b,A 'Genome-First' Framework for Next-Generation Bioinputs: From Functional Mining to Rational Synthetic Microbial Communities,10.1111/1462-2920.70319,42086219,2026,Environmental microbiology,microbial genetic toolbox,"(microbial genetic toolbox) AND (PUB_TYPE:""Review"")",open_access
Pef4315235a63,Expanding the Microbial Genomic Landscape and Biotechnological Applications of CRISPR-Cas Systems,10.3390/biology15100748,42187710,2026,Biology,microbial genetic toolbox,"(microbial genetic toolbox) AND (PUB_TYPE:""Review"")",open_access
P839212134331,Broad-Host-Range Synthetic Biology: Rethinking Microbial Chassis as a Design Variable,10.1021/acssynbio.5c00308,40964802,2025,ACS synthetic biology,microbial genetic toolbox,"(microbial genetic toolbox) AND (PUB_TYPE:""Review"")",open_access
Pf17474490776,Putative gatekeepers of incoming DNA: 3' exonucleases in natural transformation and bacterial evolution,10.1016/j.bbamcr.2026.120210,42607351,2026,Biochimica et biophysica acta. Molecular cell research,natural competence in bacteria,"(natural competence in bacteria) AND (PUB_TYPE:""Review"")",not_open_access
Pb444393bba49,"Ecological and engineered modulation of the mosquito microbiome: mechanisms, vector competence, and translational prospects for disease control",10.3389/fmicb.2026.1884326,42434552,2026,Frontiers in microbiology,natural competence in bacteria,"(natural competence in bacteria) AND (PUB_TYPE:""Review"")",not_open_access
P9b135ce4fe11,Role of microbial activities in nitrogen transformation under antibiotic stress in wastewater systems: A review of emerging treatment technologies,10.1016/j.jenvman.2026.129811,42070435,2026,Journal of environmental management,transformation of environmental bacteria,"(transformation of environmental bacteria) AND (PUB_TYPE:""Review"")",not_open_access
Pfa3a020f5655,The mobile resistome in the water-soil-air nexus: horizontal gene transfer and environmental dissemination of antimicrobial resistance genes,10.1093/femsec/fiag064,42308338,2026,FEMS microbiology ecology,transformation of environmental bacteria,"(transformation of environmental bacteria) AND (PUB_TYPE:""Review"")",open_access
P2adbe0804d9d,Beyond bactericidal: targeting plasmid-mediated antibiotic resistance with natural product-based plasmid curing agents,10.3389/fmicb.2026.1802582,42112440,2026,Frontiers in microbiology,conjugation in non-model bacteria,"(conjugation in non-model bacteria) AND (PUB_TYPE:""Review"")",open_access
P4ed81e19c8d5,"Targeting Horizontal Gene Transfer to Combat Antimicrobial Resistance: A Review of Mechanisms, Drivers, and Multi-Omics Strategies",10.2147/idr.s589962,41953073,2026,Infection and drug resistance,conjugation in non-model bacteria,"(conjugation in non-model bacteria) AND (PUB_TYPE:""Review"")",open_access
P56a7de64d4e0,Conjugation as an evolutionary bottleneck in antimicrobial resistance spread,10.3389/fmicb.2026.1863866,42326400,2026,Frontiers in microbiology,conjugation in non-model bacteria,"(conjugation in non-model bacteria) AND (PUB_TYPE:""Review"")",open_access
P37a258460d7e,"Base Editors for Engineering Industrial Microorganisms: Types, Applications, and Future Perspectives",10.1002/biot.70266,42307052,2026,Biotechnology journal,CRISPR engineering of non-model bacteria,"(CRISPR engineering of non-model bacteria) AND (PUB_TYPE:""Review"")",not_open_access
P3372056ec259,Engineering Plant-Associated Microorganisms for Bioremediation and Sustainable Agriculture,10.3390/microorganisms14061203,42354828,2026,Microorganisms,CRISPR engineering of non-model bacteria,"(CRISPR engineering of non-model bacteria) AND (PUB_TYPE:""Review"")",open_access
P116495f9869e,"Transposon-based genome editing of industrial microorganisms: advances, challenges, and prospects",10.1016/j.synbio.2026.04.026,42244906,2026,Synthetic and systems biotechnology,CRISPR engineering of non-model bacteria,"(CRISPR engineering of non-model bacteria) AND (PUB_TYPE:""Review"")",open_access
Pfbad78f5d59d,High-throughput editing boosts the construction of next-generation microbial cell factories,10.1016/j.synbio.2026.01.013,41704464,2026,Synthetic and systems biotechnology,genome editing in non-model microorganisms,"(genome editing in non-model microorganisms) AND (PUB_TYPE:""Review"")",open_access
P503815b07863,Cyanobacteria as a Photosynthetic Chassis for Metabolic Pathway Engineering with Heterologous Gene Expression,,,2026,Current issues in molecular biology,genome editing in non-model microorganisms,"(genome editing in non-model microorganisms) AND (PUB_TYPE:""Review"")",open_access
P598da0632bf1,Application and Research Prospects of CRISPR/Cas Gene Editing Technology in Lactic Acid Bacteria,10.3390/microorganisms14040739,42075136,2026,Microorganisms,genome editing in non-model microorganisms,"(genome editing in non-model microorganisms) AND (PUB_TYPE:""Review"")",open_access
P7f459bcf1ec9,"Metabolic Engineering of Microbial Cell Factories for Sustainable Production of Glycolic Acid: Pathways, Chassis, and Strategies toward Poly(glycolic acid) Bioplastics",10.1021/acssynbio.6c00078,42340804,2026,ACS synthetic biology,synthetic biology chassis development,"(synthetic biology chassis development) AND (PUB_TYPE:""Review"")",not_open_access
P91c8e4c18d18,The TfoX revolution: a review of genetic engineering in Vibrio natriegens,10.1016/j.copbio.2026.103506,42119170,2026,Current opinion in biotechnology,synthetic biology chassis development,"(synthetic biology chassis development) AND (PUB_TYPE:""Review"")",not_open_access
P9a499652f565,Streptomyces: boost chassis strains for production of invaluable natural products,10.1016/j.synbio.2026.05.005,42325658,2026,Synthetic and systems biotechnology,synthetic biology chassis development,"(synthetic biology chassis development) AND (PUB_TYPE:""Review"")",open_access
P57e5e79839a8,Molecular adaptations and engineering of extremophiles for synthetic biology and biotechnological applications,10.3389/fmicb.2026.1754802,41834871,2026,Frontiers in microbiology,genetic tools for extremophiles,"(genetic tools for extremophiles) AND (PUB_TYPE:""Review"")",open_access
P6177a16d3efb,Synthetic microbiomes in bioengineered rhizospheres: new frontiers for climate-resilient agriculture,10.3389/fmicb.2026.1780132,42039802,2026,Frontiers in microbiology,genetic manipulation of non-model bacteria,"(genetic manipulation of non-model bacteria) AND (PUB_TYPE:""Review"")",open_access
P1fc3c59d0c07,Engineered live bacteria for liver diseases and gut-liver axis disorders: from genetic modification to advanced delivery systems,10.1186/s12951-026-04483-2,42057131,2026,Journal of nanobiotechnology,genetic manipulation of non-model bacteria,"(genetic manipulation of non-model bacteria) AND (PUB_TYPE:""Review"")",open_access
P6aa105775d27,A comprehensive review of genomic-scale genetic engineering as a strategy to improve bacterial productivity,10.1099/mic.0.001628,41182907,2025,"Microbiology (Reading, England)",genetic manipulation of non-model bacteria,"(genetic manipulation of non-model bacteria) AND (PUB_TYPE:""Review"")",open_access
P1b9a55d27386,Green genes from blue greens: challenges and solutions to unlocking the potential of cyanobacteria in drug discovery,10.1039/d5np00016e,40663385,2026,Natural product reports,genetic engineering of marine bacteria,"(genetic engineering of marine bacteria) AND (PUB_TYPE:""Review"")",open_access
Pd98ad993ab7e,Microbial biofilms: from ecology to molecular genetics,10.1128/mmbr.64.4.847-867.2000,11104821,2000,Microbiology and molecular biology reviews : MMBR,genetic engineering of marine bacteria,"(genetic engineering of marine bacteria) AND (PUB_TYPE:""Review"")",not_open_access
P0b783b376723,Outer-membrane vesicles from Gram-negative bacteria: biogenesis and functions,10.1038/nrmicro3525,26373371,2015,Nature reviews. Microbiology,genetic engineering of marine bacteria,"(genetic engineering of marine bacteria) AND (PUB_TYPE:""Review"")",not_open_access
P33f8b3b4e9ed,Occurrence and applications of CRISPR-Cas systems in bifidobacteria,10.1128/aem.01703-25,41489362,2026,Applied and environmental microbiology,microbial genetic toolbox,"(microbial genetic toolbox) AND (PUB_TYPE:""Review"")",open_access
P1f28d273406f,Advances in metabolic engineering of Vibrio natriegens as an unconventional host for biotechnology,10.1016/j.ymben.2025.08.008,40834994,2025,Metabolic engineering,microbial genetic toolbox,"(microbial genetic toolbox) AND (PUB_TYPE:""Review"")",not_open_access
P51d9b6f3b2fa,Innovative approaches in the treatment of hematologic malignancies: the role of CRISPR-engineered microbiomes along the gut-immune axis in immunotherapy development,10.1186/s12935-026-04316-0,42046057,2026,Cancer cell international,microbial genetic toolbox,"(microbial genetic toolbox) AND (PUB_TYPE:""Review"")",open_access
P1e356e2adc52,Plant microbiome engineering: from inoculation to genome editing,10.3389/fmicb.2026.1781381,42100688,2026,Frontiers in microbiology,genetic domestication of non-model microorganisms,"(genetic domestication of non-model microorganisms) AND (PUB_TYPE:""Review"")",open_access
Pc15655a94121,"Immunomicrobial pathogenesis of periodontitis: keystones, pathobionts, and host response",10.1016/j.it.2013.09.001,24269668,2014,Trends in immunology,genetic domestication of non-model microorganisms,"(genetic domestication of non-model microorganisms) AND (PUB_TYPE:""Review"")",not_open_access
Pe39c001cbc11,Mycobacterium tuberculosis pathogenesis and molecular determinants of virulence,10.1128/cmr.16.3.463-496.2003,12857778,2003,Clinical microbiology reviews,genetic domestication of non-model microorganisms,"(genetic domestication of non-model microorganisms) AND (PUB_TYPE:""Review"")",not_open_access
P4d88de93a618,Mapping the Evolution of Microbial-Driven Nitrogen Transformation in Inland Waters: A Bibliometric Landscape Analysis,10.3390/microorganisms14040902,42075298,2026,Microorganisms,transformation of environmental bacteria,"(transformation of environmental bacteria) AND (PUB_TYPE:""Review"")",open_access
Pa1192b603347,Structural Modification and Conjugation Strategies of Antimicrobial Peptides for Topical Anti-Infective Applications,10.3390/antibiotics15040390,42041353,2026,"Antibiotics (Basel, Switzerland)",conjugation in non-model bacteria,"(conjugation in non-model bacteria) AND (PUB_TYPE:""Review"")",open_access
P04df49a48d2c,Engineered Bacteriophages: A Next-Generation Platform for Precision Antimicrobials and Therapeutics,10.3390/v18030355,41902263,2026,Viruses,conjugation in non-model bacteria,"(conjugation in non-model bacteria) AND (PUB_TYPE:""Review"")",open_access
P2ff30596b549,Engineering host‑defense peptides enhanced by artificial intelligence and nano delivery systems to overcome biofilms and antimicrobial resistance,10.1016/j.engmic.2026.100277,42245225,2026,Engineering microbiology,conjugation in non-model bacteria,"(conjugation in non-model bacteria) AND (PUB_TYPE:""Review"")",open_access
P78224117e05d,"The Gut Microbiome Dependency Continuum in Drug Discovery: A Unified Pharmacology Framework Linking Clinical Drugs, Natural Products, and Engineered Microbial Therapeutics",10.3390/biotech15020043,42346015,2026,Biotech (Basel (Switzerland)),CRISPR engineering of non-model bacteria,"(CRISPR engineering of non-model bacteria) AND (PUB_TYPE:""Review"")",open_access
P6259dce06a08,Synthetic biology of oncolytic bacteria: Comparative microbial chassis and precise killing strategies,10.1016/j.toxrep.2026.102292,42339179,2026,Toxicology reports,CRISPR engineering of non-model bacteria,"(CRISPR engineering of non-model bacteria) AND (PUB_TYPE:""Review"")",open_access
Pc3ef93167768,Advancing cellulose degradation through synthetic biology: engineered pathways and microbial systems for sustainable biomass conversion,10.1186/s40104-025-01328-0,41555463,2026,Journal of animal science and biotechnology,CRISPR engineering of non-model bacteria,"(CRISPR engineering of non-model bacteria) AND (PUB_TYPE:""Review"")",open_access
P99b5ea3cbd26,Challenges and Future Directives of Synthetic Biology in Engineering Plant-Microbe Partnerships for Sustainable Agriculture,10.1002/bit.70291,42437522,2026,Biotechnology and bioengineering,synthetic biology chassis development,"(synthetic biology chassis development) AND (PUB_TYPE:""Review"")",not_open_access
P9c86844d5147,Microbial remodeling of bile acids: emerging engineering strategies for precision fermentation and functional food innovation,10.1016/j.copbio.2026.103572,42628489,2026,Current opinion in biotechnology,synthetic biology chassis development,"(synthetic biology chassis development) AND (PUB_TYPE:""Review"")",not_open_access
P33bfa3eabcd8,"&lt;i&gt;Vibrio natriegens&lt;/i&gt;, a Promising Chassis from Strain Property to Protein Expression: A Review",10.1021/acssynbio.5c00761,41886740,2026,ACS synthetic biology,synthetic biology chassis development,"(synthetic biology chassis development) AND (PUB_TYPE:""Review"")",not_open_access
P34dba3532211,Synthetic Biology Tools to Engineer Microbial Communities for Biotechnology,10.1016/j.tibtech.2018.11.002,30497870,2019,Trends in biotechnology,synthetic biology chassis development,"(synthetic biology chassis development) AND (PUB_TYPE:""Review"")",open_access
P89a93444ae80,Phylogenetic identification and in situ detection of individual microbial cells without cultivation,10.1128/mr.59.1.143-169.1995,7535888,1995,Microbiological reviews,genetic tools for marine microorganisms,"(genetic tools for marine microorganisms) AND (PUB_TYPE:""Review"")",not_open_access
Pf8a51821d01d,Engineering rhizobacterial communities for soil and plant health,10.1099/mic.0.001748,42566244,2026,"Microbiology (Reading, England)",genetic systems for bacteria,"(genetic systems for bacteria) AND (PUB_TYPE:""Review"")",not_open_access
Pdc16b417b0e4,In situ genetic modification of gut bacteria,10.1016/j.mib.2026.102766,42288047,2026,Current opinion in microbiology,genetic systems for bacteria,"(genetic systems for bacteria) AND (PUB_TYPE:""Review"")",not_open_access
P17f1ce5056fb,"Bioengineered bacteria in cancer immunotherapy: mechanistic advances, therapeutic strategies and clinical potential",10.1007/s00203-026-05030-1,42340392,2026,Archives of microbiology,genetic systems for bacteria,"(genetic systems for bacteria) AND (PUB_TYPE:""Review"")",not_open_access
Pcc535888285d,Phage and CRISPR based precision antimicrobials: a dual strategy against multidrug-resistant bacteria,10.1007/s11033-026-12544-w,42599326,2026,Molecular biology reports,genetic systems for bacteria,"(genetic systems for bacteria) AND (PUB_TYPE:""Review"")",not_open_access
P36eeaf2d9fe9,Inter-species horizontal transfer of biosynthetic gene clusters: an evolutionary driver for chemical diversity in bacterial communities,10.1042/ebc20250014,41847751,2026,Essays in biochemistry,gene transfer systems in bacteria,"(gene transfer systems in bacteria) AND (PUB_TYPE:""Review"")",not_open_access
Pe8b39014aef2,Selective elimination of donor bacteria to analyze plasmid reactions during conjugative transfer,10.1093/biomethods/bpag038,42465973,2026,Biology methods & protocols,gene transfer systems in bacteria,"(gene transfer systems in bacteria) AND (PUB_TYPE:""Review"")",not_open_access
P9ba5a6113c60,Functional genes with their expression and horizontal gene transfer drive microbial interactions in anammox systems: Critical review and potential applications,10.1016/j.biortech.2026.135245,42361922,2026,Bioresource technology,gene transfer systems in bacteria,"(gene transfer systems in bacteria) AND (PUB_TYPE:""Review"")",not_open_access
Pbddc202f8c33,"Mobile Genetic Elements as Central Drivers of Antimicrobial Resistance: Molecular Mechanisms, Evolutionary Ecology, One Health Implications and Control Strategies",10.3390/antibiotics15040418,42041381,2026,"Antibiotics (Basel, Switzerland)",gene transfer systems in bacteria,"(gene transfer systems in bacteria) AND (PUB_TYPE:""Review"")",open_access
Pa157be88f7dc,Advances in Genetic Transformation of Lactic Acid Bacteria: Overcoming Barriers and Enhancing Plasmid Tools,10.3390/ijms26189146,41009708,2025,International journal of molecular sciences,electroporation protocols for bacteria,"(electroporation protocols for bacteria) AND (PUB_TYPE:""Review"")",open_access
Pee622455635b,"CRISPR-Cas systems as next-generation antimicrobials: a systemic review of mechanisms, delivery strategies, and translational challenges",10.3389/fmicb.2026.1747931,42199538,2026,Frontiers in microbiology,electroporation protocols for bacteria,"(electroporation protocols for bacteria) AND (PUB_TYPE:""Review"")",open_access
P0d74e9942102,Strategies for engineering domesticated and undomesticated human microbes,10.1016/j.copbio.2025.103368,41046786,2025,Current opinion in biotechnology,electroporation protocols for bacteria,"(electroporation protocols for bacteria) AND (PUB_TYPE:""Review"")",open_access
P390814ae1247,Pathogenesis of Helicobacter pylori infection,10.1128/cmr.00054-05,16847081,2006,Clinical microbiology reviews,electroporation protocols for bacteria,"(electroporation protocols for bacteria) AND (PUB_TYPE:""Review"")",not_open_access
Pd221ccd64973,Mobile Genetic Elements as Key Drivers of Bacterial Evolution and Adaptation in Agroecosystems,10.1007/s00248-026-02803-5,42283811,2026,Microbial ecology,conjugative gene transfer in environmental bacteria,"(conjugative gene transfer in environmental bacteria) AND (PUB_TYPE:""Review"")",not_open_access
P707c447a13cf,Horizontal Gene Transfer in &lt;i&gt;Listeria monocytogenes&lt;/i&gt;: Evolution of Antimicrobial Resistance and Virulence in a One Health Context,10.3390/biology15120961,42345817,2026,Biology,conjugative gene transfer in environmental bacteria,"(conjugative gene transfer in environmental bacteria) AND (PUB_TYPE:""Review"")",open_access
P52cfeb07a862,Genes and physiological strategies in bacterial antibiotic resistance,10.3389/fmicb.2026.1811959,42182029,2026,Frontiers in microbiology,conjugative gene transfer in environmental bacteria,"(conjugative gene transfer in environmental bacteria) AND (PUB_TYPE:""Review"")",open_access
Pa80e2f0d3394,CRISPR-Cas-Mediated Reprogramming Strategies to Overcome Antimicrobial Resistance,10.3390/pharmaceutics18010095,41599202,2026,Pharmaceutics,conjugative gene transfer in environmental bacteria,"(conjugative gene transfer in environmental bacteria) AND (PUB_TYPE:""Review"")",open_access
P2bfed47c2a72,"Microbial Dysbiosis in Photodermatoses: Formation, Pathogenesis and Intervention Strategies",10.3390/cimb48050493,42193098,2026,Current issues in molecular biology,genetic manipulation of cyanobacteria,"(genetic manipulation of cyanobacteria) AND (PUB_TYPE:""Review"")",open_access
Pa5972a45f8b8,"Cyanobacterial type I CRISPR-Cas systems: distribution, mechanisms, and genome editing applications",10.3389/fbioe.2025.1552030,40084131,2025,Frontiers in bioengineering and biotechnology,genetic manipulation of cyanobacteria,"(genetic manipulation of cyanobacteria) AND (PUB_TYPE:""Review"")",open_access
P220d442b92bb,Replication and control of circular bacterial plasmids,10.1128/mmbr.62.2.434-464.1998,9618448,1998,Microbiology and molecular biology reviews : MMBR,genetic manipulation of cyanobacteria,"(genetic manipulation of cyanobacteria) AND (PUB_TYPE:""Review"")",not_open_access
P251bcb1eae7d,The Dark Side of Green Energy: Glycol Waste and the Microbes That Can Transform It,10.3390/molecules31101662,42197216,2026,"Molecules (Basel, Switzerland)",genetic tools for anaerobic bacteria,"(genetic tools for anaerobic bacteria) AND (PUB_TYPE:""Review"")",open_access
P4fffee23a900,CRISPR-Cas in actinomycetes: still a lot to be discovered,10.1093/femsml/uqaf010,40626243,2025,microLife,genetic tools for actinomycetes,"(genetic tools for actinomycetes) AND (PUB_TYPE:""Review"")",open_access
P17c90126a0ed,Harnessing secondary metabolites of endophytic microbes: a next-generation biopesticide for crop disease management,10.3389/fmicb.2025.1705702,41657995,2025,Frontiers in microbiology,genetic tools for actinomycetes,"(genetic tools for actinomycetes) AND (PUB_TYPE:""Review"")",open_access
Pb34c0281f97e,Current Approaches for Genetic Manipulation of &lt;i&gt;Streptomyces&lt;/i&gt; spp.-Key Bacteria for Biotechnology and Environment,10.3390/biotech14010003,39846552,2025,Biotech (Basel (Switzerland)),genetic tools for actinomycetes,"(genetic tools for actinomycetes) AND (PUB_TYPE:""Review"")",open_access
Pa80fe8b5e9ca,Ecological Drivers of Plasmid-Mediated Antimicrobial Resistance in Aquaculture,10.1007/s00248-025-02684-0,41407993,2025,Microbial ecology,genetic tools for Vibrio species,"(genetic tools for Vibrio species) AND (PUB_TYPE:""Review"")",open_access
P4daf253be89a,Recombinant shrimp antimicrobial peptides as alternative biotherapeutics in aquaculture: An exploration of future prospects,,,2026,Comparative Immunology Reports,genetic tools for Vibrio species,"(genetic tools for Vibrio species) AND (PUB_TYPE:""Review"")",open_access
Paa4944eb49ab,Microbiome engineering to enhance disease resistance in aquaculture: current strategies and future directions,10.3389/fmicb.2025.1625265,41035886,2025,Frontiers in microbiology,genetic tools for Vibrio species,"(genetic tools for Vibrio species) AND (PUB_TYPE:""Review"")",open_access
P31e3d6fcefe4,Mobile Genetic Elements Associated with Antimicrobial Resistance,10.1128/cmr.00088-17,30068738,2018,Clinical microbiology reviews,genetic tools for Vibrio species,"(genetic tools for Vibrio species) AND (PUB_TYPE:""Review"")",not_open_access
P4e0b12154a9b,Microbial α-L-Rhamnosidases: Regioselective Biocatalysts for Flavonoid Biotransformation and Nutraceutical Applications,,,2026,Current issues in molecular biology,molecular genetics of marine microorganisms,"(molecular genetics of marine microorganisms) AND (PUB_TYPE:""Review"")",open_access
Pa77c605a11c2,Gene Silencing Through CRISPR Interference in Bacteria: Current Advances and Future Prospects,10.3389/fmicb.2021.635227,33868193,2021,Frontiers in microbiology,CRISPR interference in bacteria,"(CRISPR interference in bacteria) AND (PUB_TYPE:""Review"")",open_access
P2bc0fed0aebf,CRISPR-Cas systems as precision antimicrobials: Reversing the tide of antimicrobial resistance,10.1016/j.virusres.2026.199782,42551559,2026,Virus research,CRISPR interference in bacteria,"(CRISPR interference in bacteria) AND (PUB_TYPE:""Review"")",not_open_access
P3b08815ddfeb,"CRISPR/Cas, the immune system of bacteria and archaea",10.1126/science.1179555,20056882,2010,"Science (New York, N.Y.)",CRISPR interference in bacteria,"(CRISPR interference in bacteria) AND (PUB_TYPE:""Review"")",not_open_access
Pac018f4a1d76,RNA-guided genetic silencing systems in bacteria and archaea,10.1038/nature10886,22337052,2012,Nature,CRISPR interference in bacteria,"(CRISPR interference in bacteria) AND (PUB_TYPE:""Review"")",not_open_access
P17e892938d68,Emerging trends in genome integration tools for precision engineering of diverse bacterial species,10.1093/synbio/ysaf019,41492658,2025,"Synthetic biology (Oxford, England)",recombineering in bacteria,"(recombineering in bacteria) AND (PUB_TYPE:""Review"")",open_access
P8ce8ef75469c,Bacteriophage therapy against multidrug resistant bacterial infections demonstrates clinical advances and engineering innovations between 2020-2026,10.3389/fmicb.2026.1865548,42326420,2026,Frontiers in microbiology,recombineering in bacteria,"(recombineering in bacteria) AND (PUB_TYPE:""Review"")",open_access
Pb90ac5f05bb0,"Genome-Editing Tools for Lactic Acid Bacteria: Past Achievements, Current Platforms, and Future Directions",10.3390/ijms26157483,40806610,2025,International journal of molecular sciences,recombineering in bacteria,"(recombineering in bacteria) AND (PUB_TYPE:""Review"")",open_access
P7936d95e5b2b,"Synthetic and Functional Engineering of Bacteriophages: Approaches for Tailored Bactericidal, Diagnostic, and Delivery Platforms",10.3390/molecules30153132,40807307,2025,"Molecules (Basel, Switzerland)",recombineering in bacteria,"(recombineering in bacteria) AND (PUB_TYPE:""Review"")",open_access
Pe7d103fdc87b,Next-generation sequencing: insights to advance clinical investigations of the microbiome,10.1172/jci154944,35362479,2022,The Journal of clinical investigation,genetic engineering of unculturable bacteria,"(genetic engineering of unculturable bacteria) AND (PUB_TYPE:""Review"")",open_access
P1ad669a46fc0,"Microbiome and Human Health: Current Understanding, Engineering, and Enabling Technologies",10.1021/acs.chemrev.2c00431,36317983,2023,Chemical reviews,genetic engineering of unculturable bacteria,"(genetic engineering of unculturable bacteria) AND (PUB_TYPE:""Review"")",open_access
P29717972b796,Manipulating Bacterial Communities by in situ Microbiome Engineering,10.1016/j.tig.2016.01.005,26916078,2016,Trends in genetics : TIG,genetic engineering of unculturable bacteria,"(genetic engineering of unculturable bacteria) AND (PUB_TYPE:""Review"")",not_open_access
Pf419e8d029e9,Epigenetic regulation in prokaryotes: transcriptional and phenotypic outcomes of DNA methyltransferase activity,10.1093/femsre/fuag014,41874420,2026,FEMS microbiology reviews,restriction modification barriers to transformation,"(restriction modification barriers to transformation) AND (PUB_TYPE:""Review"")",open_access
P1e5797024b0c,Evolutionary constraints impose multiple checkpoints that block mammalian sensory hair cell regeneration,10.3389/fcell.2026.1835217,42245482,2026,Frontiers in cell and developmental biology,restriction modification barriers to transformation,"(restriction modification barriers to transformation) AND (PUB_TYPE:""Review"")",open_access
P477abfd65f61,"Microbial processes in geological carbon sequestration: Mechanisms, methods, and engineering implications",10.1016/j.isci.2026.115792,42164855,2026,iScience,genetic tools for methanogens,"(genetic tools for methanogens) AND (PUB_TYPE:""Review"")",open_access
Pc61008d5de4c,Harnessing Engineered Microbial Consortia for Xenobiotic Bioremediation: Integrating Multi-Omics and AI for Next-Generation Wastewater Treatment,10.3390/jox15040133,40863340,2025,Journal of xenobiotics,genetic tools for methanogens,"(genetic tools for methanogens) AND (PUB_TYPE:""Review"")",open_access
P10b29ad1d0e9,CRISPR-Cas at a crossroads: from microbial immunity to precision biotechnology,10.1080/15321819.2026.2658465,41987615,2026,Journal of immunoassay & immunochemistry,genetic tools for archaea,"(genetic tools for archaea) AND (PUB_TYPE:""Review"")",not_open_access
P730bda0cb438,Prodigal: prokaryotic gene recognition and translation initiation site identification,10.1186/1471-2105-11-119,20211023,2010,BMC bioinformatics,genetic tools for archaea,"(genetic tools for archaea) AND (PUB_TYPE:""Review"")",open_access
P1671b336ba4a,Process Engineering Strategies for Microbial Lipid Production: From Strain Evolution to Industrial-Scale Bioprocessing,10.3390/ijms27093760,42123346,2026,International journal of molecular sciences,domestication of industrial microorganisms,"(domestication of industrial microorganisms) AND (PUB_TYPE:""Review"")",open_access
P386705103884,Rational engineering of combinatorial bacterial therapies for cancer,10.1186/s13059-026-03951-0,41606628,2026,Genome biology,expanding the genetic toolbox of bacteria,"(expanding the genetic toolbox of bacteria) AND (PUB_TYPE:""Review"")",open_access
Pe4bd6f8da54b,"Engineered Escherichia coli as a microbial cell factory for intracellular protein delivery: strains, vectors, mechanisms, and therapeutic applications",10.1186/s12934-026-02944-9,41749288,2026,Microbial cell factories,expanding the genetic toolbox of bacteria,"(expanding the genetic toolbox of bacteria) AND (PUB_TYPE:""Review"")",open_access
P94183db28e9a,Pseudomonas putida as a functional chassis for industrial biocatalysis: From native biochemistry to trans-metabolism,10.1016/j.ymben.2018.05.005,29758287,2018,Metabolic engineering,synthetic biology chassis development,"(synthetic biology chassis development) AND (PUB_TYPE:""Review"")",not_open_access
P32e22e45a39f,Developing a new class of engineered live bacterial therapeutics to treat human diseases,10.1038/s41467-020-15508-1,32269218,2020,Nature communications,synthetic biology chassis development,"(synthetic biology chassis development) AND (PUB_TYPE:""Review"")",open_access
P107ffb9e5e13,Engineering bacteria as interactive cancer therapies,10.1126/science.add9667,36423303,2022,"Science (New York, N.Y.)",synthetic biology chassis development,"(synthetic biology chassis development) AND (PUB_TYPE:""Review"")",not_open_access
P449d74417fa6,CRISPR/Cas system as a novel therapeutic strategy to combat multi-drug-resistant bacteria,10.1007/s00203-026-05118-8,42554845,2026,Archives of microbiology,genetic systems for bacteria,"(genetic systems for bacteria) AND (PUB_TYPE:""Review"")",not_open_access
P18c634cca119,"Efflux-mediated carbapenem resistance: unveiling genetic drivers, clinical implications, and strategies for global antimicrobial stewardship",10.1007/s10482-026-02394-8,42545426,2026,Antonie van Leeuwenhoek,genetic systems for bacteria,"(genetic systems for bacteria) AND (PUB_TYPE:""Review"")",not_open_access
Pa460735990d9,"Agrobacterium-mediated plant transformation: the biology behind the ""gene-jockeying"" tool",10.1128/mmbr.67.1.16-37.2003,12626681,2003,Microbiology and molecular biology reviews : MMBR,electroporation protocols for bacteria,"(electroporation protocols for bacteria) AND (PUB_TYPE:""Review"")",not_open_access
Pbad03df72050,"Reduced vancomycin susceptibility in Staphylococcus aureus, including vancomycin-intermediate and heterogeneous vancomycin-intermediate strains: resistance mechanisms, laboratory detection, and clinical implications",10.1128/cmr.00042-09,20065327,2010,Clinical microbiology reviews,electroporation protocols for bacteria,"(electroporation protocols for bacteria) AND (PUB_TYPE:""Review"")",not_open_access
Pb45b1412e1a1,Uncovering Insights Into the Biology of Mycobacterium tuberculosis Using Genetic Tools,10.1002/mbo3.70206,41423823,2025,MicrobiologyOpen,recombineering in bacteria,"(recombineering in bacteria) AND (PUB_TYPE:""Review"")",open_access
P58305ffeb76c,"Advances and Challenges in Mycobacterial Genetic Engineering: Techniques for Knockout, Knockdown and Overexpression",10.4014/jmb.2507.07051,41309382,2025,Journal of microbiology and biotechnology,recombineering in bacteria,"(recombineering in bacteria) AND (PUB_TYPE:""Review"")",open_access
Pd23e78fdf0c8,"Genetically Modified Lactic Acid Bacteria in the EU Food Chain: Applications, Benefits, and Risk Assessment",10.3390/ijms27093759,42123350,2026,International journal of molecular sciences,recombineering in bacteria,"(recombineering in bacteria) AND (PUB_TYPE:""Review"")",open_access
P2bf8428887ba,Being a better version of yourself: genetically engineered probiotic bacteria as host defense enhancers in the control of intestinal pathogens,10.1080/19490976.2025.2519696,40530826,2025,Gut microbes,recombineering in bacteria,"(recombineering in bacteria) AND (PUB_TYPE:""Review"")",open_access
P395df43babe8,Applications of CRISPR/Cas System to Bacterial Metabolic Engineering,10.3390/ijms19041089,29621180,2018,International journal of molecular sciences,genetic manipulation of non-model bacteria,"(genetic manipulation of non-model bacteria) AND (PUB_TYPE:""Review"") AND (PUB_YEAR:[1985 TO 2018])",open_access
P176ba803fe31,Building a genome engineering toolbox in nonmodel prokaryotic microbes,10.1002/bit.26727,29750332,2018,Biotechnology and bioengineering,genetic manipulation of non-model bacteria,"(genetic manipulation of non-model bacteria) AND (PUB_TYPE:""Review"") AND (PUB_YEAR:[1985 TO 2018])",not_open_access
P77ad08bb1a5f,Extracellular nucleic acids of the marine bacterium Rhodovulum sulfidophilum and recombinant RNA production technology using bacteria,10.1093/femsle/fnx268,29228187,2018,FEMS microbiology letters,genetic engineering of marine bacteria,"(genetic engineering of marine bacteria) AND (PUB_TYPE:""Review"") AND (PUB_YEAR:[1985 TO 2018])",not_open_access
P452d16b2c0c8,Engineering microbes for direct fermentation of cellulose to bioethanol,10.1080/07388551.2018.1452891,29631429,2018,Critical reviews in biotechnology,genetic engineering of marine bacteria,"(genetic engineering of marine bacteria) AND (PUB_TYPE:""Review"") AND (PUB_YEAR:[1985 TO 2018])",not_open_access
Pc947ee5a4a64,Boosting Secondary Metabolite Production and Discovery through the Engineering of Novel Microbial Biosensors,10.1155/2018/7021826,30079350,2018,BioMed research international,microbial genetic toolbox,"(microbial genetic toolbox) AND (PUB_TYPE:""Review"") AND (PUB_YEAR:[1985 TO 2018])",open_access
Pc5f818c1667f,Rational engineering of synthetic microbial systems: from single cells to consortia,10.1016/j.mib.2018.02.009,29574330,2018,Current opinion in microbiology,microbial genetic toolbox,"(microbial genetic toolbox) AND (PUB_TYPE:""Review"") AND (PUB_YEAR:[1985 TO 2018])",not_open_access
Pc062ecf31b77,Impact of plant domestication on rhizosphere microbiome assembly and functions,10.1007/s11103-015-0337-7,26085172,2016,Plant molecular biology,genetic domestication of non-model microorganisms,"(genetic domestication of non-model microorganisms) AND (PUB_TYPE:""Review"") AND (PUB_YEAR:[1985 TO 2018])",open_access
P766ee34abf04,The genomics of microbial domestication in the fermented food environment,10.1016/j.gde.2015.07.003,26338497,2015,Current opinion in genetics & development,genetic domestication of non-model microorganisms,"(genetic domestication of non-model microorganisms) AND (PUB_TYPE:""Review"") AND (PUB_YEAR:[1985 TO 2018])",not_open_access
Pd0ddf9ae281a,[Mechanism and influencing factors of natural transformation in bacteria],10.13345/j.cjb.180005,30152215,2018,Sheng wu gong cheng xue bao = Chinese journal of biotechnology,natural competence in bacteria,"(natural competence in bacteria) AND (PUB_TYPE:""Review"") AND (PUB_YEAR:[1985 TO 2018])",not_open_access
P35e99ac2562d,Eco-evolutionary Dynamics Linked to Horizontal Gene Transfer in Vibrios,10.1146/annurev-micro-090817-062148,29897833,2018,Annual review of microbiology,natural competence in bacteria,"(natural competence in bacteria) AND (PUB_TYPE:""Review"") AND (PUB_YEAR:[1985 TO 2018])",not_open_access
P49dfba2b9194,A proposed role for diffusible signal factors in the biofilm formation and morphological transformation of Helicobacter pylori,10.5152/tjg.2017.17349,29082887,2018,The Turkish journal of gastroenterology : the official journal of Turkish Society of Gastroenterology,transformation of environmental bacteria,"(transformation of environmental bacteria) AND (PUB_TYPE:""Review"") AND (PUB_YEAR:[1985 TO 2018])",not_open_access
P68d07bd058da,Microbial Synthesis and Transformation of Inorganic and Organic Chlorine Compounds,10.3389/fmicb.2018.03079,30619161,2018,Frontiers in microbiology,transformation of environmental bacteria,"(transformation of environmental bacteria) AND (PUB_TYPE:""Review"") AND (PUB_YEAR:[1985 TO 2018])",open_access
P3cf3dc1d2b87,Conjugation Inhibitors and Their Potential Use to Prevent Dissemination of Antibiotic Resistance Genes in Bacteria,10.3389/fmicb.2017.02329,29255449,2017,Frontiers in microbiology,conjugation in non-model bacteria,"(conjugation in non-model bacteria) AND (PUB_TYPE:""Review"") AND (PUB_YEAR:[1985 TO 2018])",open_access
P1ac2c21f06bb,Potential targets for next generation antimicrobial glycoconjugate vaccines,10.1093/femsre/fuy011,29547971,2018,FEMS microbiology reviews,conjugation in non-model bacteria,"(conjugation in non-model bacteria) AND (PUB_TYPE:""Review"") AND (PUB_YEAR:[1985 TO 2018])",open_access
Pfca6cfb9d88b,CRISPR-Cas9/Cas12a biotechnology and application in bacteria,10.1016/j.synbio.2018.09.004,30345399,2018,Synthetic and systems biotechnology,CRISPR engineering of non-model bacteria,"(CRISPR engineering of non-model bacteria) AND (PUB_TYPE:""Review"") AND (PUB_YEAR:[1985 TO 2018])",open_access
P0ed793408a39,Engineering microbes for targeted strikes against human pathogens,10.1007/s00018-018-2827-7,29736607,2018,Cellular and molecular life sciences : CMLS,CRISPR engineering of non-model bacteria,"(CRISPR engineering of non-model bacteria) AND (PUB_TYPE:""Review"") AND (PUB_YEAR:[1985 TO 2018])",not_open_access
P33689117a32f,Challenges and Advances for Genetic Engineering of Non-model Bacteria and Uses in Consolidated Bioprocessing,10.3389/fmicb.2017.02060,29123506,2017,Frontiers in microbiology,genome editing in non-model microorganisms,"(genome editing in non-model microorganisms) AND (PUB_TYPE:""Review"") AND (PUB_YEAR:[1985 TO 2018])",open_access
P8279fb07b1fc,Fundamental CRISPR-Cas9 tools and current applications in microbial systems,10.1016/j.synbio.2017.08.006,29318202,2017,Synthetic and systems biotechnology,genome editing in non-model microorganisms,"(genome editing in non-model microorganisms) AND (PUB_TYPE:""Review"") AND (PUB_YEAR:[1985 TO 2018])",open_access
Pa1c13c581612,Spatial organization of enzymes to enhance synthetic pathways in microbial chassis: a systematic review,10.1186/s12934-018-0965-0,30064437,2018,Microbial cell factories,synthetic biology chassis development,"(synthetic biology chassis development) AND (PUB_TYPE:""Review"") AND (PUB_YEAR:[1985 TO 2018])",open_access
P66044ae8838b,Toolboxes for cyanobacteria: Recent advances and future direction,10.1016/j.biotechadv.2018.04.007,29729377,2018,Biotechnology advances,synthetic biology chassis development,"(synthetic biology chassis development) AND (PUB_TYPE:""Review"") AND (PUB_YEAR:[1985 TO 2018])",not_open_access
P731113a3c60b,Engineering bacteria for enhanced polyhydroxyalkanoates (PHA) biosynthesis,10.1016/j.synbio.2017.09.001,29318199,2017,Synthetic and systems biotechnology,genetic tools for extremophiles,"(genetic tools for extremophiles) AND (PUB_TYPE:""Review"") AND (PUB_YEAR:[1985 TO 2018])",open_access
Pb16ffc7eb246,Properties of alternative microbial hosts used in synthetic biology: towards the design of a modular chassis,10.1042/ebc20160015,27903818,2016,Essays in biochemistry,genetic tools for extremophiles,"(genetic tools for extremophiles) AND (PUB_TYPE:""Review"") AND (PUB_YEAR:[1985 TO 2018])",open_access
P202214a14c66,Insights into the Human Virome Using CRISPR Spacers from Microbiomes,10.3390/v10090479,30205462,2018,Viruses,genetic systems for bacteria,"(genetic systems for bacteria) AND (PUB_TYPE:""Review"") AND (PUB_YEAR:[1985 TO 2018])",open_access
P631ef2fca12f,Distribution of Arsenic Resistance Genes in Prokaryotes,10.3389/fmicb.2018.02473,30405552,2018,Frontiers in microbiology,genetic systems for bacteria,"(genetic systems for bacteria) AND (PUB_TYPE:""Review"") AND (PUB_YEAR:[1985 TO 2018])",open_access
P2554b0171c61,"Prokaryotic horizontal gene transfer within the human holobiont: ecological-evolutionary inferences, implications and possibilities",10.1186/s40168-018-0551-z,30223892,2018,Microbiome,gene transfer systems in bacteria,"(gene transfer systems in bacteria) AND (PUB_TYPE:""Review"") AND (PUB_YEAR:[1985 TO 2018])",open_access
P650ded27faca,Sampling the mobile gene pool: innovation via horizontal gene transfer in bacteria,10.1098/rstb.2016.0424,29061896,2017,"Philosophical transactions of the Royal Society of London. Series B, Biological sciences",gene transfer systems in bacteria,"(gene transfer systems in bacteria) AND (PUB_TYPE:""Review"") AND (PUB_YEAR:[1985 TO 2018])",not_open_access
P62b695d72d26,Review of Microfluidic Photobioreactor Technology for Metabolic Engineering and Synthetic Biology of Cyanobacteria and Microalgae,10.3390/mi7100185,30404358,2016,Micromachines,electroporation protocols for bacteria,"(electroporation protocols for bacteria) AND (PUB_TYPE:""Review"") AND (PUB_YEAR:[1985 TO 2018])",open_access
P932c30601fb2,CRISPR-Cas antimicrobials: Challenges and future prospects,10.1371/journal.ppat.1006990,29902258,2018,PLoS pathogens,conjugative gene transfer in environmental bacteria,"(conjugative gene transfer in environmental bacteria) AND (PUB_TYPE:""Review"") AND (PUB_YEAR:[1985 TO 2018])",open_access
P34e4e2cc4709,Production of Bioplastic Compounds by Genetically Manipulated and Metabolic Engineered Cyanobacteria,10.1007/978-981-13-0854-3_7,30091095,2018,Advances in experimental medicine and biology,genetic manipulation of cyanobacteria,"(genetic manipulation of cyanobacteria) AND (PUB_TYPE:""Review"") AND (PUB_YEAR:[1985 TO 2018])",not_open_access
Pa19ba110127f,Terpenoid Metabolic Engineering in Photosynthetic Microorganisms,10.3390/genes9110520,30360565,2018,Genes,genetic manipulation of cyanobacteria,"(genetic manipulation of cyanobacteria) AND (PUB_TYPE:""Review"") AND (PUB_YEAR:[1985 TO 2018])",open_access
P72cc8b64dc23,Synthetic Biology Approaches to Engineer Probiotics and Members of the Human Microbiota for Biomedical Applications,10.1146/annurev-bioeng-062117-121019,29528686,2018,Annual review of biomedical engineering,genetic tools for anaerobic bacteria,"(genetic tools for anaerobic bacteria) AND (PUB_TYPE:""Review"") AND (PUB_YEAR:[1985 TO 2018])",not_open_access
P3e0189e42989,Functional Transcriptomics for Bacterial Gene Detectives,10.1128/microbiolspec.rwr-0033-2018,30215343,2018,Microbiology spectrum,genetic tools for anaerobic bacteria,"(genetic tools for anaerobic bacteria) AND (PUB_TYPE:""Review"") AND (PUB_YEAR:[1985 TO 2018])",not_open_access
P5955597a9ac5,The pSG5-based thermosensitive vector family for genome editing and gene expression in actinomycetes,10.1007/s00253-018-9334-5,30191290,2018,Applied microbiology and biotechnology,genetic tools for actinomycetes,"(genetic tools for actinomycetes) AND (PUB_TYPE:""Review"") AND (PUB_YEAR:[1985 TO 2018])",not_open_access
Pf6148c640ddd,Engineering microbial hosts for production of bacterial natural products,10.1039/c6np00017g,27072804,2016,Natural product reports,genetic tools for actinomycetes,"(genetic tools for actinomycetes) AND (PUB_TYPE:""Review"") AND (PUB_YEAR:[1985 TO 2018])",not_open_access
P899a6ee903da,Fast-Growing Engineered Microbes: New Concerns for Gain-of-Function Research?,10.3389/fgene.2018.00207,30008734,2018,Frontiers in genetics,genetic tools for Vibrio species,"(genetic tools for Vibrio species) AND (PUB_TYPE:""Review"") AND (PUB_YEAR:[1985 TO 2018])",open_access
Pf442df774a44,The Effect of Microbiota on Colon Carcinogenesis,10.15430/jcp.2018.23.3.117,30370256,2018,Journal of cancer prevention,genetic transformation of gram-positive bacteria,"(genetic transformation of gram-positive bacteria) AND (PUB_TYPE:""Review"") AND (PUB_YEAR:[1985 TO 2018])",open_access
P34d1d4ba1d93,Steady at the wheel: conservative sex and the benefits of bacterial transformation,10.1098/rstb.2015.0528,27619692,2016,"Philosophical transactions of the Royal Society of London. Series B, Biological sciences",genetic transformation of gram-positive bacteria,"(genetic transformation of gram-positive bacteria) AND (PUB_TYPE:""Review"") AND (PUB_YEAR:[1985 TO 2018])",open_access
P71b6c597adff,Significance of dormant forms of <i>Helicobacter pylori</i> in ulcerogenesis,10.3748/wjg.v23.i27.4867,28785141,2017,World journal of gastroenterology,genetic transformation of gram-negative bacteria,"(genetic transformation of gram-negative bacteria) AND (PUB_TYPE:""Review"") AND (PUB_YEAR:[1985 TO 2018])",open_access
P43635482a335,Relating Phage Genomes to <i>Helicobacter pylori</i> Population Structure: General Steps Using Whole-Genome Sequencing Data,10.3390/ijms19071831,29933614,2018,International journal of molecular sciences,genetic transformation of gram-negative bacteria,"(genetic transformation of gram-negative bacteria) AND (PUB_TYPE:""Review"") AND (PUB_YEAR:[1985 TO 2018])",open_access
Pc2d24204c7f3,Evolution and typing of IncC plasmids contributing to antibiotic resistance in Gram-negative bacteria,10.1016/j.plasmid.2018.08.001,30081066,2018,Plasmid,host range of broad host range plasmids,"(host range of broad host range plasmids) AND (PUB_TYPE:""Review"") AND (PUB_YEAR:[1985 TO 2018])",not_open_access
P841f9f4f83cd,Bacterial CRISPR Regions: General Features and their Potential for Epidemiological Molecular Typing Studies,10.2174/1874285801812010059,29755603,2018,The open microbiology journal,CRISPR interference in bacteria,"(CRISPR interference in bacteria) AND (PUB_TYPE:""Review"") AND (PUB_YEAR:[1985 TO 2018])",open_access
Pac212dbf98d6,Suppressing the CRISPR/Cas adaptive immune system in bacterial infections,10.1007/s10096-017-3036-2,28601970,2017,European journal of clinical microbiology & infectious diseases : official publication of the European Society of Clinical Microbiology,CRISPR interference in bacteria,"(CRISPR interference in bacteria) AND (PUB_TYPE:""Review"") AND (PUB_YEAR:[1985 TO 2018])",not_open_access
P3f3a31b6eb47,CRISPR/Cas9-Based Counterselection Boosts Recombineering Efficiency in Pseudomonas putida,10.1002/biot.201700161,29058367,2018,Biotechnology journal,recombineering in bacteria,"(recombineering in bacteria) AND (PUB_TYPE:""Review"") AND (PUB_YEAR:[1985 TO 2018])",not_open_access
P9e0e6875eaa8,Targeted Nucleotide Editing Technologies for Microbial Metabolic Engineering,10.1002/biot.201700596,29862665,2018,Biotechnology journal,recombineering in bacteria,"(recombineering in bacteria) AND (PUB_TYPE:""Review"") AND (PUB_YEAR:[1985 TO 2018])",not_open_access
Pde01bf5f2d57,Microfluidics and microbial engineering,10.1039/c5lc01039j,26758660,2016,Lab on a chip,genetic engineering of unculturable bacteria,"(genetic engineering of unculturable bacteria) AND (PUB_TYPE:""Review"") AND (PUB_YEAR:[1985 TO 2018])",not_open_access
P9c64df18de64,Toward a genetic tool development pipeline for host-associated bacteria,10.1016/j.mib.2017.05.006,28624690,2017,Current opinion in microbiology,restriction modification barriers to transformation,"(restriction modification barriers to transformation) AND (PUB_TYPE:""Review"") AND (PUB_YEAR:[1985 TO 2018])",not_open_access
Pa56a4c5caa3d,Horizontal Gene Transfer among Bacteria and Its Role in Biological Evolution,10.3390/life4020217,25370194,2014,"Life (Basel, Switzerland)",restriction modification barriers to transformation,"(restriction modification barriers to transformation) AND (PUB_TYPE:""Review"") AND (PUB_YEAR:[1985 TO 2018])",open_access
P668adc692702,Microbial trophic interactions and mcrA gene expression in monitoring of anaerobic digesters,10.3389/fmicb.2014.00597,25429286,2014,Frontiers in microbiology,genetic tools for methanogens,"(genetic tools for methanogens) AND (PUB_TYPE:""Review"") AND (PUB_YEAR:[1985 TO 2018])",open_access
Pe163ad922ab4,"Archaeal DNA replication and repair: new genetic, biophysical and molecular tools for discovering and characterizing enzymes, pathways and mechanisms",10.1093/femsre/fuy017,29912309,2018,FEMS microbiology reviews,genetic tools for archaea,"(genetic tools for archaea) AND (PUB_TYPE:""Review"") AND (PUB_YEAR:[1985 TO 2018])",not_open_access
P0c07ad9a7838,"Genetic technologies for extremely thermophilic microorganisms of Sulfolobus, the only genetically tractable genus of crenarchaea",10.1007/s11427-016-0355-8,28251462,2017,Science China. Life sciences,genetic tools for archaea,"(genetic tools for archaea) AND (PUB_TYPE:""Review"") AND (PUB_YEAR:[1985 TO 2018])",not_open_access
Pd7a051815ae7,Tracking Proteins Secreted by Bacteria: What's in the Toolbox?,10.3389/fcimb.2017.00221,28620586,2017,Frontiers in cellular and infection microbiology,expanding the genetic toolbox of bacteria,"(expanding the genetic toolbox of bacteria) AND (PUB_TYPE:""Review"") AND (PUB_YEAR:[1985 TO 2018])",open_access
